"id","class"
4356,"good"
4357,"good"
4358,"good"
4359,"medium"
4360,"medium"
4361,"medium"
4362,"medium"
4363,"good"
4364,"medium"
4365,"medium"
4366,"good"
4367,"good"
4368,"good"
4369,"good"
4370,"good"
4371,"good"
4372,"good"
4373,"good"
4374,"medium"
4375,"good"
4376,"good"
4377,"good"
4378,"good"
4379,"medium"
4380,"good"
4381,"good"
4382,"medium"
4383,"good"
4384,"good"
4385,"good"
4386,"good"
4387,"good"
4388,"good"
4389,"good"
4390,"good"
4391,"medium"
4392,"good"
4393,"good"
4394,"good"
4395,"good"
4396,"good"
4397,"medium"
4398,"good"
4399,"good"
4400,"good"
4401,"good"
4402,"good"
4403,"medium"
4404,"medium"
4405,"good"
4406,"good"
4407,"good"
4408,"good"
4409,"medium"
4410,"good"
4411,"medium"
4412,"good"
4413,"good"
4414,"good"
4415,"good"
4416,"good"
4417,"medium"
4418,"medium"
4419,"good"
4420,"good"
4421,"good"
4422,"good"
4423,"good"
4424,"medium"
4425,"good"
4426,"medium"
4427,"good"
4428,"medium"
4429,"medium"
4430,"good"
4431,"good"
4432,"good"
4433,"good"
4434,"good"
4435,"good"
4436,"good"
4437,"good"
4438,"good"
4439,"good"
4440,"medium"
4441,"medium"
4442,"good"
4443,"medium"
4444,"good"
4445,"good"
4446,"medium"
4447,"medium"
4448,"good"
4449,"good"
4450,"medium"
4451,"medium"
4452,"good"
4453,"good"
4454,"good"
4455,"good"
4456,"good"
4457,"medium"
4458,"good"
4459,"good"
4460,"medium"
4461,"good"
4462,"medium"
4463,"good"
4464,"good"
4465,"good"
4466,"good"
4467,"good"
4468,"good"
4469,"medium"
4470,"medium"
4471,"medium"
4472,"good"
4473,"medium"
4474,"medium"
4475,"good"
4476,"good"
4477,"good"
4478,"good"
4479,"good"
4480,"good"
4481,"medium"
4482,"good"
4483,"medium"
4484,"medium"
4485,"medium"
4486,"good"
4487,"medium"
4488,"medium"
4489,"good"
4490,"medium"
4491,"medium"
4492,"good"
4493,"good"
4494,"medium"
4495,"medium"
4496,"good"
4497,"good"
4498,"medium"
4499,"medium"
4500,"medium"
4501,"good"
4502,"good"
4503,"medium"
4504,"medium"
4505,"good"
4506,"good"
4507,"good"
4508,"good"
4509,"good"
4510,"good"
4511,"medium"
4512,"good"
4513,"good"
4514,"good"
4515,"good"
4516,"medium"
4517,"good"
4518,"good"
4519,"good"
4520,"good"
4521,"good"
4522,"medium"
4523,"medium"
4524,"good"
4525,"good"
4526,"medium"
4527,"good"
4528,"medium"
4529,"good"
4530,"good"
4531,"medium"
4532,"good"
4533,"good"
4534,"good"
4535,"good"
4536,"medium"
4537,"good"
4538,"good"
4539,"good"
4540,"good"
4541,"good"
4542,"good"
4543,"good"
4544,"good"
4545,"good"
4546,"good"
4547,"medium"
4548,"medium"
4549,"good"
4550,"good"
4551,"good"
4552,"medium"
4553,"good"
4554,"good"
4555,"medium"
4556,"good"
4557,"medium"
4558,"good"
4559,"good"
4560,"good"
4561,"medium"
4562,"good"
4563,"good"
4564,"good"
4565,"good"
4566,"good"
4567,"good"
4568,"good"
4569,"good"
4570,"good"
4571,"medium"
4572,"good"
4573,"good"
4574,"good"
4575,"medium"
4576,"good"
4577,"good"
4578,"medium"
4579,"good"
4580,"good"
4581,"good"
4582,"good"
4583,"good"
4584,"good"
4585,"good"
4586,"good"
4587,"good"
4588,"good"
4589,"medium"
4590,"good"
4591,"good"
4592,"good"
4593,"medium"
4594,"medium"
4595,"good"
4596,"medium"
4597,"good"
4598,"good"
4599,"good"
4600,"medium"
4601,"good"
4602,"good"
4603,"good"
4604,"good"
4605,"good"
4606,"medium"
4607,"medium"
4608,"good"
4609,"good"
4610,"good"
4611,"good"
4612,"good"
4613,"good"
4614,"good"
4615,"good"
4616,"good"
4617,"good"
4618,"medium"
4619,"good"
4620,"medium"
4621,"good"
4622,"good"
4623,"good"
4624,"good"
4625,"good"
4626,"good"
4627,"medium"
4628,"good"
4629,"good"
4630,"good"
4631,"good"
4632,"good"
4633,"good"
4634,"good"
4635,"good"
4636,"good"
4637,"good"
4638,"good"
4639,"good"
4640,"good"
4641,"medium"
4642,"good"
4643,"good"
4644,"good"
4645,"medium"
4646,"good"
4647,"good"
4648,"good"
4649,"good"
4650,"medium"
4651,"medium"
4652,"good"
4653,"good"
4654,"good"
4655,"good"
4656,"good"
4657,"good"
4658,"good"
4659,"good"
4660,"good"
4661,"medium"
4662,"good"
4663,"medium"
4664,"good"
4665,"good"
4666,"good"
4667,"good"
4668,"good"
4669,"good"
4670,"good"
4671,"medium"
4672,"good"
4673,"good"
4674,"medium"
4675,"good"
4676,"medium"
4677,"good"
4678,"good"
4679,"medium"
4680,"medium"
4681,"medium"
4682,"good"
4683,"good"
4684,"medium"
4685,"medium"
4686,"medium"
4687,"good"
4688,"medium"
4689,"medium"
4690,"medium"
4691,"good"
4692,"good"
4693,"good"
4694,"medium"
4695,"good"
4696,"medium"
4697,"medium"
4698,"good"
4699,"good"
4700,"good"
4701,"good"
4702,"good"
4703,"good"
4704,"medium"
4705,"good"
4706,"good"
4707,"good"
4708,"medium"
4709,"good"
4710,"good"
4711,"good"
4712,"good"
4713,"good"
4714,"good"
4715,"good"
4716,"good"
4717,"medium"
4718,"good"
4719,"medium"
4720,"good"
4721,"good"
4722,"good"
4723,"good"
4724,"good"
4725,"good"
4726,"good"
4727,"good"
4728,"good"
4729,"medium"
4730,"good"
4731,"good"
4732,"medium"
4733,"good"
4734,"medium"
4735,"good"
4736,"good"
4737,"medium"
4738,"good"
4739,"medium"
4740,"good"
4741,"good"
4742,"good"
4743,"good"
4744,"good"
4745,"good"
4746,"good"
4747,"good"
4748,"medium"
4749,"good"
4750,"medium"
4751,"medium"
4752,"good"
4753,"good"
4754,"good"
4755,"good"
4756,"medium"
4757,"good"
4758,"good"
4759,"medium"
4760,"medium"
4761,"good"
4762,"good"
4763,"medium"
4764,"medium"
4765,"medium"
4766,"good"
4767,"good"
4768,"medium"
4769,"good"
4770,"good"
4771,"medium"
4772,"good"
4773,"medium"
4774,"good"
4775,"good"
4776,"good"
4777,"good"
4778,"good"
4779,"good"
4780,"good"
4781,"good"
4782,"good"
4783,"good"
4784,"good"
4785,"good"
4786,"good"
4787,"good"
4788,"good"
4789,"good"
4790,"good"
4791,"good"
4792,"good"
4793,"medium"
4794,"good"
4795,"good"
4796,"good"
4797,"good"
4798,"good"
4799,"good"
4800,"good"
4801,"good"
4802,"good"
4803,"good"
4804,"good"
4805,"good"
4806,"good"
4807,"good"
4808,"good"
4809,"medium"
4810,"good"
4811,"good"
4812,"good"
4813,"good"
4814,"medium"
4815,"good"
4816,"good"
4817,"good"
4818,"good"
4819,"good"
4820,"medium"
4821,"medium"
4822,"medium"
4823,"good"
4824,"good"
4825,"good"
4826,"good"
4827,"good"
4828,"good"
4829,"good"
4830,"good"
4831,"medium"
4832,"good"
4833,"good"
4834,"good"
4835,"good"
4836,"good"
4837,"good"
4838,"medium"
4839,"good"
4840,"good"
4841,"good"
4842,"good"
4843,"good"
4844,"good"
4845,"good"
4846,"medium"
4847,"good"
4848,"good"
4849,"good"
4850,"good"
4851,"medium"
4852,"medium"
4853,"good"
4854,"good"
4855,"medium"
4856,"medium"
4857,"medium"
4858,"good"
4859,"good"
4860,"medium"
4861,"good"
4862,"good"
4863,"good"
4864,"medium"
4865,"good"
4866,"good"
4867,"medium"
4868,"good"
4869,"good"
4870,"good"
4871,"medium"
4872,"good"
4873,"medium"
4874,"good"
4875,"good"
4876,"good"
4877,"medium"
4878,"medium"
4879,"good"
4880,"good"
4881,"good"
4882,"good"
4883,"medium"
4884,"good"
4885,"good"
4886,"good"
4887,"good"
4888,"medium"
4889,"medium"
4890,"medium"
4891,"medium"
4892,"good"
4893,"good"
4894,"good"
4895,"medium"
4896,"good"
4897,"good"
4898,"good"
4899,"good"
4900,"good"
4901,"good"
4902,"medium"
4903,"good"
4904,"good"
4905,"good"
4906,"good"
4907,"good"
4908,"medium"
4909,"medium"
4910,"good"
4911,"good"
4912,"good"
4913,"good"
4914,"good"
4915,"good"
4916,"medium"
4917,"medium"
4918,"medium"
4919,"good"
4920,"medium"
4921,"medium"
4922,"good"
4923,"good"
4924,"medium"
4925,"good"
4926,"good"
4927,"good"
4928,"good"
4929,"medium"
4930,"good"
4931,"good"
4932,"good"
4933,"good"
4934,"good"
4935,"good"
4936,"good"
4937,"good"
4938,"good"
4939,"medium"
4940,"good"
4941,"good"
4942,"medium"
4943,"good"
4944,"good"
4945,"medium"
4946,"medium"
4947,"good"
4948,"good"
4949,"good"
4950,"good"
4951,"good"
4952,"good"
4953,"good"
4954,"medium"
4955,"medium"
4956,"medium"
4957,"good"
4958,"good"
4959,"good"
4960,"good"
4961,"good"
4962,"good"
4963,"good"
4964,"good"
4965,"good"
4966,"good"
4967,"medium"
4968,"good"
4969,"good"
4970,"medium"
4971,"good"
4972,"good"
4973,"good"
4974,"good"
4975,"good"
4976,"medium"
4977,"good"
4978,"good"
4979,"medium"
4980,"good"
4981,"good"
4982,"good"
4983,"good"
4984,"good"
4985,"good"
4986,"medium"
4987,"good"
4988,"good"
4989,"medium"
4990,"medium"
4991,"good"
4992,"medium"
4993,"good"
4994,"good"
4995,"medium"
4996,"good"
4997,"good"
4998,"good"
4999,"good"
5000,"good"
5001,"good"
5002,"good"
5003,"good"
5004,"good"
5005,"good"
5006,"medium"
5007,"good"
5008,"medium"
5009,"good"
5010,"good"
5011,"good"
5012,"good"
5013,"medium"
5014,"medium"
5015,"medium"
5016,"good"
5017,"good"
5018,"medium"
5019,"medium"
5020,"good"
5021,"good"
5022,"good"
5023,"good"
5024,"good"
5025,"good"
5026,"good"
5027,"good"
5028,"medium"
5029,"good"
5030,"good"
5031,"good"
5032,"good"
5033,"good"
5034,"medium"
5035,"good"
5036,"medium"
5037,"good"
5038,"good"
5039,"good"
5040,"medium"
5041,"good"
5042,"good"
5043,"good"
5044,"medium"
5045,"good"
5046,"good"
5047,"medium"
5048,"medium"
5049,"medium"
5050,"good"
5051,"good"
5052,"medium"
5053,"good"
5054,"good"
5055,"good"
5056,"good"
5057,"good"
5058,"good"
5059,"good"
5060,"good"
5061,"good"
5062,"good"
5063,"good"
5064,"good"
5065,"medium"
5066,"good"
5067,"good"
5068,"good"
5069,"good"
5070,"good"
5071,"medium"
5072,"medium"
5073,"good"
5074,"good"
5075,"good"
5076,"good"
5077,"good"
5078,"good"
5079,"good"
5080,"good"
5081,"good"
5082,"medium"
5083,"good"
5084,"good"
5085,"good"
5086,"good"
5087,"good"
5088,"good"
5089,"medium"
5090,"good"
5091,"good"
5092,"good"
5093,"good"
5094,"good"
5095,"good"
5096,"good"
5097,"good"
5098,"good"
5099,"medium"
5100,"good"
5101,"good"
5102,"good"
5103,"medium"
5104,"good"
5105,"good"
5106,"medium"
5107,"medium"
5108,"good"
5109,"medium"
5110,"good"
5111,"medium"
5112,"medium"
5113,"good"
5114,"medium"
5115,"good"
5116,"medium"
5117,"medium"
5118,"good"
5119,"good"
5120,"medium"
5121,"good"
5122,"medium"
5123,"good"
5124,"medium"
5125,"good"
5126,"good"
5127,"good"
5128,"good"
5129,"good"
5130,"medium"
5131,"good"
5132,"good"
5133,"good"
5134,"good"
5135,"good"
5136,"good"
5137,"good"
5138,"good"
5139,"good"
5140,"medium"
5141,"good"
5142,"good"
5143,"medium"
5144,"medium"
5145,"good"
5146,"good"
5147,"good"
5148,"medium"
5149,"medium"
5150,"medium"
5151,"medium"
5152,"medium"
5153,"medium"
5154,"good"
5155,"medium"
5156,"medium"
5157,"good"
5158,"good"
5159,"medium"
5160,"good"
5161,"good"
5162,"good"
5163,"medium"
5164,"good"
5165,"good"
5166,"good"
5167,"good"
5168,"good"
5169,"good"
5170,"good"
5171,"good"
5172,"good"
5173,"medium"
5174,"good"
5175,"good"
5176,"good"
5177,"good"
5178,"medium"
5179,"good"
5180,"good"
5181,"good"
5182,"medium"
5183,"medium"
5184,"good"
5185,"medium"
5186,"good"
5187,"medium"
5188,"good"
5189,"medium"
5190,"good"
5191,"good"
5192,"good"
5193,"medium"
5194,"good"
5195,"medium"
5196,"medium"
5197,"good"
5198,"good"
5199,"good"
5200,"medium"
5201,"medium"
5202,"good"
5203,"medium"
5204,"good"
5205,"good"
5206,"good"
5207,"good"
5208,"good"
5209,"good"
5210,"good"
5211,"good"
5212,"good"
5213,"good"
5214,"good"
5215,"good"
5216,"good"
5217,"good"
5218,"good"
5219,"good"
5220,"medium"
5221,"good"
5222,"good"
5223,"medium"
5224,"good"
5225,"medium"
5226,"medium"
5227,"good"
5228,"medium"
5229,"good"
5230,"good"
5231,"good"
5232,"good"
5233,"good"
5234,"good"
5235,"good"
5236,"good"
5237,"good"
5238,"medium"
5239,"good"
5240,"good"
5241,"medium"
5242,"medium"
5243,"medium"
5244,"medium"
5245,"medium"
5246,"medium"
5247,"good"
5248,"good"
5249,"good"
5250,"good"
5251,"good"
5252,"good"
5253,"good"
5254,"medium"
5255,"medium"
5256,"medium"
5257,"good"
5258,"good"
5259,"medium"
5260,"good"
5261,"good"
5262,"good"
5263,"good"
5264,"good"
5265,"good"
5266,"good"
5267,"good"
5268,"medium"
5269,"medium"
5270,"good"
5271,"good"
5272,"good"
5273,"good"
5274,"good"
5275,"good"
5276,"medium"
5277,"good"
5278,"good"
5279,"good"
5280,"medium"
5281,"good"
5282,"good"
5283,"medium"
5284,"good"
5285,"medium"
5286,"good"
5287,"medium"
5288,"good"
5289,"good"
5290,"medium"
5291,"good"
5292,"good"
5293,"medium"
5294,"good"
5295,"medium"
5296,"medium"
5297,"good"
5298,"medium"
5299,"good"
5300,"good"
5301,"medium"
5302,"good"
5303,"good"
5304,"good"
5305,"good"
5306,"good"
5307,"medium"
5308,"good"
5309,"good"
5310,"good"
5311,"good"
5312,"good"
5313,"good"
5314,"medium"
5315,"good"
5316,"medium"
5317,"good"
5318,"good"
5319,"medium"
5320,"good"
5321,"good"
5322,"good"
5323,"medium"
5324,"good"
5325,"medium"
5326,"medium"
5327,"good"
5328,"good"
5329,"good"
5330,"good"
5331,"good"
5332,"good"
5333,"medium"
5334,"medium"
5335,"medium"
5336,"medium"
5337,"good"
5338,"good"
5339,"good"
5340,"good"
5341,"good"
5342,"medium"
5343,"good"
5344,"good"
5345,"good"
5346,"medium"
5347,"good"
5348,"good"
5349,"good"
5350,"good"
5351,"good"
5352,"good"
5353,"good"
5354,"medium"
5355,"good"
5356,"good"
5357,"good"
5358,"good"
5359,"good"
5360,"good"
5361,"good"
5362,"good"
5363,"good"
5364,"medium"
5365,"good"
5366,"good"
5367,"medium"
5368,"medium"
5369,"medium"
5370,"good"
5371,"good"
5372,"good"
5373,"good"
5374,"medium"
5375,"good"
5376,"good"
5377,"good"
5378,"good"
5379,"medium"
5380,"good"
5381,"good"
5382,"good"
5383,"good"
5384,"good"
5385,"good"
5386,"good"
5387,"medium"
5388,"good"
5389,"good"
5390,"good"
5391,"good"
5392,"good"
5393,"medium"
5394,"good"
5395,"good"
5396,"medium"
5397,"good"
5398,"medium"
5399,"good"
5400,"medium"
5401,"good"
5402,"good"
5403,"medium"
5404,"good"
5405,"medium"
5406,"good"
5407,"good"
5408,"medium"
5409,"good"
5410,"good"
5411,"medium"
5412,"medium"
5413,"medium"
5414,"good"
5415,"medium"
5416,"good"
5417,"good"
5418,"good"
5419,"medium"
5420,"good"
5421,"medium"
5422,"medium"
5423,"good"
5424,"good"
5425,"good"
5426,"good"
5427,"good"
5428,"good"
5429,"medium"
5430,"medium"
5431,"good"
5432,"good"
5433,"medium"
5434,"medium"
5435,"medium"
5436,"medium"
5437,"good"
5438,"medium"
5439,"good"
5440,"good"
5441,"good"
5442,"good"
5443,"good"
5444,"good"
5445,"good"
5446,"medium"
5447,"good"
5448,"good"
5449,"good"
5450,"medium"
5451,"good"
5452,"medium"
5453,"good"
5454,"good"
5455,"medium"
5456,"medium"
5457,"good"
5458,"medium"
5459,"good"
5460,"medium"
5461,"good"
5462,"medium"
5463,"medium"
5464,"good"
5465,"good"
5466,"good"
5467,"good"
5468,"medium"
5469,"medium"
5470,"good"
5471,"good"
5472,"medium"
5473,"good"
5474,"medium"
5475,"good"
5476,"good"
5477,"good"
5478,"medium"
5479,"good"
5480,"good"
5481,"good"
5482,"good"
5483,"good"
5484,"medium"
5485,"good"
5486,"good"
5487,"good"
5488,"medium"
5489,"medium"
5490,"good"
5491,"good"
5492,"good"
5493,"good"
5494,"medium"
5495,"good"
5496,"good"
5497,"good"
5498,"good"
5499,"good"
5500,"medium"
5501,"good"
5502,"good"
5503,"good"
5504,"good"
5505,"medium"
5506,"good"
5507,"medium"
5508,"medium"
5509,"medium"
5510,"medium"
5511,"medium"
5512,"good"
5513,"good"
5514,"good"
5515,"good"
5516,"good"
5517,"good"
5518,"good"
5519,"medium"
5520,"good"
5521,"medium"
5522,"medium"
5523,"good"
5524,"medium"
5525,"good"
5526,"good"
5527,"good"
5528,"good"
5529,"good"
5530,"good"
5531,"good"
5532,"good"
5533,"medium"
5534,"good"
5535,"medium"
5536,"good"
5537,"medium"
5538,"good"
5539,"good"
5540,"medium"
5541,"medium"
5542,"medium"
5543,"good"
5544,"good"
5545,"good"
5546,"good"
5547,"good"
5548,"good"
5549,"good"
5550,"good"
5551,"good"
5552,"medium"
5553,"good"
5554,"good"
5555,"good"
5556,"medium"
5557,"good"
5558,"good"
5559,"good"
5560,"good"
5561,"good"
5562,"good"
5563,"medium"
5564,"good"
5565,"medium"
5566,"good"
5567,"good"
5568,"medium"
5569,"good"
5570,"good"
5571,"medium"
5572,"good"
5573,"good"
5574,"medium"
5575,"good"
5576,"good"
5577,"good"
5578,"good"
5579,"good"
5580,"good"
5581,"good"
5582,"good"
5583,"good"
5584,"medium"
5585,"good"
5586,"good"
5587,"good"
5588,"good"
5589,"good"
5590,"medium"
5591,"medium"
5592,"medium"
5593,"medium"
5594,"good"
5595,"good"
5596,"good"
5597,"medium"
5598,"good"
5599,"medium"
5600,"medium"
5601,"good"
5602,"medium"
5603,"medium"
5604,"good"
5605,"good"
5606,"good"
5607,"good"
5608,"good"
5609,"good"
5610,"good"
5611,"good"
5612,"medium"
5613,"medium"
5614,"good"
5615,"good"
5616,"medium"
5617,"good"
5618,"good"
5619,"good"
5620,"medium"
5621,"good"
5622,"good"
5623,"good"
5624,"good"
5625,"medium"
5626,"medium"
5627,"good"
5628,"good"
5629,"medium"
5630,"good"
5631,"medium"
5632,"medium"
5633,"medium"
5634,"good"
5635,"good"
5636,"medium"
5637,"good"
5638,"good"
5639,"good"
5640,"good"
5641,"good"
5642,"medium"
5643,"good"
5644,"medium"
5645,"good"
5646,"good"
5647,"good"
5648,"good"
5649,"medium"
5650,"medium"
5651,"good"
5652,"medium"
5653,"good"
5654,"good"
5655,"good"
5656,"good"
5657,"medium"
5658,"good"
5659,"medium"
5660,"good"
5661,"good"
5662,"good"
5663,"good"
5664,"medium"
5665,"good"
5666,"good"
5667,"medium"
5668,"good"
5669,"good"
5670,"good"
5671,"good"
5672,"good"
5673,"good"
5674,"medium"
5675,"good"
5676,"good"
5677,"good"
5678,"good"
5679,"medium"
5680,"good"
5681,"good"
5682,"good"
5683,"medium"
5684,"good"
5685,"good"
5686,"good"
5687,"good"
5688,"good"
5689,"medium"
5690,"good"
5691,"good"
5692,"good"
5693,"good"
5694,"good"
5695,"good"
5696,"good"
5697,"good"
5698,"good"
5699,"good"
5700,"good"
5701,"medium"
5702,"medium"
5703,"medium"
5704,"good"
5705,"good"
5706,"medium"
5707,"good"
5708,"good"
5709,"good"
5710,"good"
5711,"good"
5712,"good"
5713,"good"
5714,"good"
5715,"medium"
5716,"medium"
5717,"good"
5718,"good"
5719,"medium"
5720,"good"
5721,"medium"
5722,"medium"
5723,"good"
5724,"good"
5725,"medium"
5726,"good"
5727,"good"
5728,"medium"
5729,"good"
5730,"good"
5731,"good"
5732,"good"
5733,"good"
5734,"good"
5735,"medium"
5736,"good"
5737,"good"
5738,"good"
5739,"good"
5740,"good"
5741,"good"
5742,"good"
5743,"good"
5744,"medium"
5745,"medium"
5746,"medium"
5747,"good"
5748,"good"
5749,"medium"
5750,"good"
5751,"good"
5752,"good"
5753,"good"
5754,"good"
5755,"good"
5756,"good"
5757,"good"
5758,"good"
5759,"good"
5760,"good"
5761,"medium"
5762,"good"
5763,"good"
5764,"medium"
5765,"good"
5766,"good"
5767,"good"
5768,"good"
5769,"good"
5770,"medium"
5771,"good"
5772,"good"
5773,"good"
5774,"medium"
5775,"good"
5776,"good"
5777,"medium"
5778,"medium"
5779,"medium"
5780,"good"
5781,"medium"
5782,"good"
5783,"medium"
5784,"good"
5785,"good"
5786,"medium"
5787,"good"
5788,"good"
5789,"good"
5790,"good"
5791,"good"
5792,"medium"
5793,"medium"
5794,"medium"
5795,"good"
5796,"good"
5797,"medium"
5798,"good"
5799,"medium"
5800,"good"
5801,"good"
5802,"good"
5803,"good"
5804,"good"
5805,"good"
5806,"good"
5807,"good"
5808,"medium"
5809,"good"
5810,"good"
5811,"good"
5812,"medium"
5813,"good"
5814,"good"
5815,"medium"
5816,"medium"
5817,"good"
5818,"good"
5819,"good"
5820,"good"
5821,"good"
5822,"good"
5823,"medium"
5824,"medium"
5825,"medium"
5826,"good"
5827,"medium"
5828,"medium"
5829,"good"
5830,"good"
5831,"good"
5832,"good"
5833,"good"
5834,"medium"
5835,"good"
5836,"good"
5837,"good"
5838,"good"
5839,"good"
5840,"good"
5841,"good"
5842,"good"
5843,"medium"
5844,"good"
5845,"good"
5846,"good"
5847,"good"
5848,"good"
5849,"medium"
5850,"medium"
5851,"good"
5852,"good"
5853,"good"
5854,"good"
5855,"good"
5856,"good"
5857,"good"
5858,"good"
5859,"good"
5860,"good"
5861,"medium"
5862,"medium"
5863,"medium"
5864,"good"
5865,"good"
5866,"good"
5867,"medium"
5868,"good"
5869,"good"
5870,"medium"
5871,"medium"
5872,"medium"
5873,"good"
5874,"good"
5875,"good"
5876,"good"
5877,"good"
5878,"good"
5879,"medium"
5880,"good"
5881,"medium"
5882,"good"
5883,"good"
5884,"good"
5885,"good"
5886,"good"
5887,"good"
5888,"medium"
5889,"good"
5890,"medium"
5891,"good"
5892,"good"
5893,"good"
5894,"medium"
5895,"good"
5896,"good"
5897,"good"
5898,"good"
5899,"good"
5900,"medium"
5901,"good"
5902,"good"
5903,"good"
5904,"good"
5905,"good"
5906,"medium"
5907,"good"
5908,"medium"
5909,"good"
5910,"medium"
5911,"medium"
5912,"good"
5913,"good"
5914,"good"
5915,"good"
5916,"good"
5917,"good"
5918,"good"
5919,"good"
5920,"good"
5921,"good"
5922,"medium"
5923,"medium"
5924,"good"
5925,"medium"
5926,"good"
5927,"good"
5928,"good"
5929,"good"
5930,"good"
5931,"medium"
5932,"medium"
5933,"medium"
5934,"medium"
5935,"good"
5936,"good"
5937,"good"
5938,"good"
5939,"medium"
5940,"medium"
5941,"good"
5942,"good"
5943,"good"
5944,"good"
5945,"good"
5946,"good"
5947,"medium"
5948,"good"
5949,"good"
5950,"good"
5951,"medium"
5952,"good"
5953,"good"
5954,"good"
5955,"good"
5956,"good"
5957,"good"
5958,"medium"
5959,"good"
5960,"medium"
5961,"good"
5962,"good"
5963,"good"
5964,"good"
5965,"medium"
5966,"good"
5967,"medium"
5968,"medium"
5969,"good"
5970,"good"
5971,"good"
5972,"medium"
5973,"good"
5974,"good"
5975,"medium"
5976,"medium"
5977,"good"
5978,"good"
5979,"medium"
5980,"good"
5981,"medium"
5982,"medium"
5983,"good"
5984,"medium"
5985,"good"
5986,"good"
5987,"good"
5988,"good"
5989,"good"
5990,"good"
5991,"good"
5992,"medium"
5993,"good"
5994,"good"
5995,"good"
5996,"good"
5997,"good"
5998,"good"
5999,"good"
6000,"good"
6001,"medium"
6002,"medium"
6003,"good"
6004,"good"
6005,"medium"
6006,"good"
6007,"good"
6008,"good"
6009,"good"
6010,"good"
6011,"good"
6012,"good"
6013,"medium"
6014,"good"
6015,"medium"
6016,"good"
6017,"good"
6018,"good"
6019,"medium"
6020,"medium"
6021,"good"
6022,"good"
6023,"medium"
6024,"good"
6025,"medium"
6026,"medium"
6027,"good"
6028,"good"
6029,"good"
6030,"good"
6031,"good"
6032,"medium"
6033,"good"
6034,"good"
6035,"medium"
6036,"medium"
6037,"medium"
6038,"good"
6039,"medium"
6040,"good"
6041,"good"
6042,"good"
6043,"good"
6044,"good"
6045,"medium"
6046,"good"
6047,"good"
6048,"medium"
6049,"good"
6050,"medium"
6051,"good"
6052,"medium"
6053,"medium"
6054,"good"
6055,"good"
6056,"medium"
6057,"good"
6058,"good"
6059,"medium"
6060,"good"
6061,"medium"
6062,"good"
6063,"good"
6064,"good"
6065,"medium"
6066,"good"
6067,"good"
6068,"good"
6069,"medium"
6070,"good"
6071,"medium"
6072,"good"
6073,"good"
6074,"good"
6075,"good"
6076,"good"
6077,"good"
6078,"medium"
6079,"medium"
6080,"medium"
6081,"good"
6082,"good"
6083,"good"
6084,"good"
6085,"good"
6086,"good"
6087,"good"
6088,"good"
6089,"good"
6090,"good"
6091,"medium"
6092,"good"
6093,"good"
6094,"good"
6095,"good"
6096,"good"
6097,"good"
6098,"good"
6099,"medium"
6100,"good"
6101,"medium"
6102,"good"
6103,"medium"
6104,"medium"
6105,"good"
6106,"good"
6107,"good"
6108,"medium"
6109,"good"
6110,"medium"
6111,"good"
6112,"good"
6113,"good"
6114,"medium"
6115,"good"
6116,"medium"
6117,"good"
6118,"medium"
6119,"medium"
6120,"good"
6121,"good"
6122,"good"
6123,"good"
6124,"good"
6125,"good"
6126,"good"
6127,"good"
6128,"good"
6129,"good"
6130,"medium"
6131,"medium"
6132,"medium"
6133,"good"
6134,"good"
6135,"good"
6136,"good"
6137,"good"
6138,"good"
6139,"good"
6140,"good"
6141,"good"
6142,"medium"
6143,"good"
6144,"good"
6145,"good"
6146,"medium"
6147,"medium"
6148,"medium"
6149,"good"
6150,"good"
6151,"medium"
6152,"good"
6153,"good"
6154,"good"
6155,"good"
6156,"good"
6157,"medium"
6158,"medium"
6159,"good"
6160,"medium"
6161,"good"
6162,"good"
6163,"good"
6164,"medium"
6165,"good"
6166,"medium"
6167,"good"
6168,"good"
6169,"good"
6170,"medium"
6171,"medium"
6172,"medium"
6173,"medium"
6174,"medium"
6175,"good"
6176,"good"
6177,"good"
6178,"medium"
6179,"medium"
6180,"good"
6181,"good"
6182,"good"
6183,"good"
6184,"good"
6185,"medium"
6186,"medium"
6187,"good"
6188,"medium"
6189,"medium"
6190,"good"
6191,"good"
6192,"good"
6193,"good"
6194,"good"
6195,"good"
6196,"good"
6197,"good"
6198,"good"
6199,"medium"
6200,"medium"
6201,"medium"
6202,"good"
6203,"good"
6204,"good"
6205,"good"
6206,"good"
6207,"good"
6208,"good"
6209,"medium"
6210,"good"
6211,"medium"
6212,"good"
6213,"good"
6214,"good"
6215,"medium"
6216,"good"
6217,"good"
6218,"good"
6219,"medium"
6220,"medium"
6221,"good"
6222,"medium"
6223,"good"
6224,"good"
6225,"good"
6226,"good"
6227,"medium"
6228,"good"
6229,"medium"
6230,"good"
6231,"good"
6232,"good"
6233,"good"
6234,"medium"
6235,"medium"
6236,"good"
6237,"good"
6238,"good"
6239,"good"
6240,"good"
6241,"medium"
6242,"good"
6243,"medium"
6244,"medium"
6245,"good"
6246,"good"
6247,"medium"
6248,"good"
6249,"good"
6250,"good"
6251,"good"
6252,"good"
6253,"good"
6254,"good"
6255,"good"
6256,"good"
6257,"medium"
6258,"good"
6259,"good"
6260,"medium"
6261,"medium"
6262,"good"
6263,"good"
6264,"good"
6265,"medium"
6266,"good"
6267,"good"
6268,"good"
6269,"good"
6270,"medium"
6271,"good"
6272,"good"
6273,"medium"
6274,"good"
6275,"good"
6276,"good"
6277,"good"
6278,"medium"
6279,"good"
6280,"good"
6281,"good"
6282,"good"
6283,"good"
6284,"good"
6285,"good"
6286,"good"
6287,"medium"
6288,"good"
6289,"good"
6290,"good"
6291,"good"
6292,"good"
6293,"good"
6294,"medium"
6295,"good"
6296,"good"
6297,"good"
6298,"good"
6299,"good"
6300,"good"
6301,"good"
6302,"good"
6303,"good"
6304,"good"
6305,"good"
6306,"good"
6307,"good"
6308,"good"
6309,"good"
6310,"medium"
6311,"good"
6312,"good"
6313,"good"
6314,"good"
6315,"medium"
6316,"good"
6317,"good"
6318,"good"
6319,"medium"
6320,"good"
6321,"good"
6322,"good"
6323,"good"
6324,"medium"
6325,"medium"
6326,"medium"
6327,"good"
6328,"medium"
6329,"medium"
6330,"medium"
6331,"good"
6332,"good"
6333,"good"
6334,"medium"
6335,"medium"
6336,"good"
6337,"good"
6338,"good"
6339,"good"
6340,"good"
6341,"good"
6342,"medium"
6343,"medium"
6344,"medium"
6345,"good"
6346,"good"
6347,"good"
6348,"good"
6349,"good"
6350,"good"
6351,"good"
6352,"good"
6353,"good"
6354,"medium"
6355,"good"
6356,"good"
6357,"good"
6358,"good"
6359,"good"
6360,"good"
6361,"medium"
6362,"medium"
6363,"good"
6364,"good"
6365,"good"
6366,"good"
6367,"medium"
6368,"good"
6369,"medium"
6370,"good"
6371,"medium"
6372,"medium"
6373,"medium"
6374,"medium"
6375,"good"
6376,"good"
6377,"good"
6378,"good"
6379,"good"
6380,"good"
6381,"medium"
6382,"good"
6383,"medium"
6384,"good"
6385,"good"
6386,"good"
6387,"medium"
6388,"good"
6389,"good"
6390,"good"
6391,"good"
6392,"medium"
6393,"good"
6394,"good"
6395,"good"
6396,"medium"
6397,"good"
6398,"good"
6399,"good"
6400,"medium"
6401,"good"
6402,"good"
6403,"good"
6404,"good"
6405,"good"
6406,"medium"
6407,"medium"
6408,"good"
6409,"medium"
6410,"good"
6411,"good"
6412,"good"
6413,"good"
6414,"good"
6415,"medium"
6416,"good"
6417,"good"
6418,"medium"
6419,"medium"
6420,"medium"
6421,"good"
6422,"medium"
6423,"good"
6424,"good"
6425,"medium"
6426,"good"
6427,"good"
6428,"medium"
6429,"medium"
6430,"good"
6431,"good"
6432,"medium"
6433,"medium"
6434,"good"
6435,"medium"
6436,"medium"
6437,"medium"
6438,"good"
6439,"medium"
6440,"medium"
6441,"good"
6442,"good"
6443,"good"
6444,"good"
6445,"good"
6446,"medium"
6447,"medium"
6448,"good"
6449,"medium"
6450,"good"
6451,"good"
6452,"good"
6453,"good"
6454,"good"
6455,"good"
6456,"good"
6457,"medium"
6458,"medium"
6459,"good"
6460,"good"
6461,"good"
6462,"good"
6463,"good"
6464,"medium"
6465,"medium"
6466,"good"
6467,"good"
6468,"good"
6469,"medium"
6470,"good"
6471,"good"
6472,"good"
6473,"good"
6474,"medium"
6475,"medium"
6476,"good"
6477,"good"
6478,"good"
6479,"good"
6480,"good"
6481,"good"
6482,"medium"
6483,"good"
6484,"good"
6485,"medium"
6486,"good"
6487,"good"
6488,"good"
6489,"good"
6490,"good"
6491,"good"
6492,"good"
6493,"good"
6494,"medium"
6495,"good"
6496,"good"
6497,"good"
